"source","Week","Province","Latitude","Longite","ConfirmedCases","NewSuspectedCases","TotSuspectedCases","NewDeaths","TotDeaths","Lethality"
"https://github.com/fbranda/ADAMS/blob/main/bulletins/SITREP/Mpox/SITREP-Mpox-1.pdf",6,"Bas-Uele",3.6682004,22.4296578,NA,9,9,0,0,0
"https://github.com/fbranda/ADAMS/blob/main/bulletins/SITREP/Mpox/SITREP-Mpox-2.pdf",7,"Bas-Uele",3.6682004,22.4296578,NA,3,12,0,0,0
"https://github.com/fbranda/ADAMS/blob/main/bulletins/SITREP/Mpox/SITREP-Mpox-3.pdf",8,"Bas-Uele",3.6682004,22.4296578,NA,15,27,1,1,3.7037037037037
"https://github.com/fbranda/ADAMS/blob/main/bulletins/SITREP/Mpox/SITREP-Mpox-4.pdf",10,"Bas-Uele",3.6682004,22.4296578,NA,7,34,0,1,2.94117647058824
"https://github.com/fbranda/ADAMS/blob/main/bulletins/SITREP/Mpox/SITREP-Mpox-5.pdf",12,"Bas-Uele",3.6682004,22.4296578,NA,3,37,0,1,2.7027027027027
"https://github.com/fbranda/ADAMS/blob/main/bulletins/SITREP/Mpox/SITREP-Mpox-8.pdf",16,"Bas-Uele",3.6682004,22.4296578,NA,17,54,0,1,1.85185185185185
"https://github.com/fbranda/ADAMS/blob/main/bulletins/SITREP/Mpox/SITREP-Mpox-13.pdf",18,"Bas-Uele",3.6682004,22.4296578,NA,8,62,0,1,1.61290322580645
"https://github.com/fbranda/ADAMS/blob/main/bulletins/SITREP/Mpox/SITREP-Mpox-14.pdf",19,"Bas-Uele",3.6682004,22.4296578,NA,3,65,0,1,1.53846153846154
"https://github.com/fbranda/ADAMS/blob/main/bulletins/SITREP/Mpox/SITREP-Mpox-15.pdf",20,"Bas-Uele",3.6682004,22.4296578,2,1,69,0,1,1.44927536231884
"https://github.com/fbranda/ADAMS/blob/main/bulletins/SITREP/Mpox/SITREP-Mpox-16.pdf",21,"Bas-Uele",3.6682004,22.4296578,2,4,73,0,1,1.36986301369863
"https://github.com/fbranda/ADAMS/blob/main/bulletins/SITREP/Mpox/SITREP-Mpox-17.pdf",22,"Bas-Uele",3.6682004,22.4296578,2,1,74,0,1,1.35135135135135
"https://github.com/fbranda/ADAMS/blob/main/bulletins/SITREP/Mpox/SITREP-Mpox-18.pdf",23,"Bas-Uele",3.6682004,22.4296578,2,0,74,0,1,1.35135135135135
"https://github.com/fbranda/ADAMS/blob/main/bulletins/SITREP/Mpox/SITREP-Mpox-19.pdf",24,"Bas-Uele",3.6682004,22.4296578,2,9,83,2,3,3.6144578313253
"https://github.com/fbranda/ADAMS/blob/main/bulletins/SITREP/Mpox/SITREP-Mpox-20.pdf",25,"Bas-Uele",3.6682004,22.4296578,2,2,85,0,3,3.52941176470588
"https://github.com/fbranda/ADAMS/blob/main/bulletins/SITREP/Mpox/SITREP-Mpox-23.pdf",26,"Bas-Uele",3.6682004,22.4296578,2,0,85,0,3,3.52941176470588
"https://github.com/fbranda/ADAMS/blob/main/bulletins/SITREP/Mpox/SITREP-Mpox-24.pdf",27,"Bas-Uele",3.6682004,22.4296578,4,0,85,0,3,3.52941176470588
"https://github.com/fbranda/ADAMS/blob/main/bulletins/SITREP/Mpox/SITREP-Mpox-26.pdf",28,"Bas-Uele",3.6682004,22.4296578,4,2,87,0,3,3.44827586206897
"https://github.com/fbranda/ADAMS/blob/main/bulletins/SITREP/Mpox/SITREP-Mpox-27.pdf",30,"Bas-Uele",3.6682004,22.4296578,4,0,87,0,3,3.44827586206897
"https://github.com/fbranda/ADAMS/blob/main/bulletins/SITREP/Mpox/SITREP-Mpox-1.pdf",6,"Équateur",0.0679823,15.995193,NA,966,966,120,120,12.4223602484472
"https://github.com/fbranda/ADAMS/blob/main/bulletins/SITREP/Mpox/SITREP-Mpox-2.pdf",7,"Équateur",0.0679823,15.995193,NA,646,1612,60,180,11.166253101737
"https://github.com/fbranda/ADAMS/blob/main/bulletins/SITREP/Mpox/SITREP-Mpox-3.pdf",8,"Équateur",0.0679823,15.995193,NA,422,2034,28,208,10.2261553588987
"https://github.com/fbranda/ADAMS/blob/main/bulletins/SITREP/Mpox/SITREP-Mpox-4.pdf",10,"Équateur",0.0679823,15.995193,NA,408,2442,16,224,9.17280917280917
"https://github.com/fbranda/ADAMS/blob/main/bulletins/SITREP/Mpox/SITREP-Mpox-5.pdf",12,"Équateur",0.0679823,15.995193,NA,262,2704,11,235,8.69082840236686
"https://github.com/fbranda/ADAMS/blob/main/bulletins/SITREP/Mpox/SITREP-Mpox-8.pdf",16,"Équateur",0.0679823,15.995193,NA,418,3122,12,247,7.91159513132607
"https://github.com/fbranda/ADAMS/blob/main/bulletins/SITREP/Mpox/SITREP-Mpox-13.pdf",18,"Équateur",0.0679823,15.995193,NA,246,3368,9,256,7.60095011876485
"https://github.com/fbranda/ADAMS/blob/main/bulletins/SITREP/Mpox/SITREP-Mpox-14.pdf",19,"Équateur",0.0679823,15.995193,NA,233,3601,0,256,7.10913635101361
"https://github.com/fbranda/ADAMS/blob/main/bulletins/SITREP/Mpox/SITREP-Mpox-15.pdf",20,"Équateur",0.0679823,15.995193,102,241,4003,2,266,6.64501623782163
"https://github.com/fbranda/ADAMS/blob/main/bulletins/SITREP/Mpox/SITREP-Mpox-16.pdf",21,"Équateur",0.0679823,15.995193,102,233,4241,6,273,6.4371610469229
"https://github.com/fbranda/ADAMS/blob/main/bulletins/SITREP/Mpox/SITREP-Mpox-17.pdf",22,"Équateur",0.0679823,15.995193,102,164,4391,5,279,6.35390571623776
"https://github.com/fbranda/ADAMS/blob/main/bulletins/SITREP/Mpox/SITREP-Mpox-18.pdf",23,"Équateur",0.0679823,15.995193,102,178,4569,4,283,6.19391551761874
"https://github.com/fbranda/ADAMS/blob/main/bulletins/SITREP/Mpox/SITREP-Mpox-19.pdf",24,"Équateur",0.0679823,15.995193,127,161,4731,4,287,6.06637074614246
"https://github.com/fbranda/ADAMS/blob/main/bulletins/SITREP/Mpox/SITREP-Mpox-20.pdf",25,"Équateur",0.0679823,15.995193,189,143,4885,1,288,5.89559877175026
"https://github.com/fbranda/ADAMS/blob/main/bulletins/SITREP/Mpox/SITREP-Mpox-23.pdf",26,"Équateur",0.0679823,15.995193,243,191,5076,0,288,5.67375886524823
"https://github.com/fbranda/ADAMS/blob/main/bulletins/SITREP/Mpox/SITREP-Mpox-24.pdf",27,"Équateur",0.0679823,15.995193,527,165,5241,6,294,5.60961648540355
"https://github.com/fbranda/ADAMS/blob/main/bulletins/SITREP/Mpox/SITREP-Mpox-26.pdf",28,"Équateur",0.0679823,15.995193,490,115,5356,4,298,5.56385362210605
"https://github.com/fbranda/ADAMS/blob/main/bulletins/SITREP/Mpox/SITREP-Mpox-27.pdf",30,"Équateur",0.0679823,15.995193,525,264,5620,7,305,5.4270462633452
"https://github.com/fbranda/ADAMS/blob/main/bulletins/SITREP/Mpox/SITREP-Mpox-5.pdf",12,"Haut-Uele",3.3283491,26.0989285,NA,13,13,1,1,7.69230769230769
"https://github.com/fbranda/ADAMS/blob/main/bulletins/SITREP/Mpox/SITREP-Mpox-8.pdf",16,"Haut-Uele",3.3283491,26.0989285,NA,8,21,0,1,4.76190476190476
"https://github.com/fbranda/ADAMS/blob/main/bulletins/SITREP/Mpox/SITREP-Mpox-13.pdf",18,"Haut-Uele",3.3283491,26.0989285,NA,1,22,0,1,4.54545454545455
"https://github.com/fbranda/ADAMS/blob/main/bulletins/SITREP/Mpox/SITREP-Mpox-15.pdf",20,"Haut-Uele",3.3283491,26.0989285,1,0,22,0,1,4.54545454545455
"https://github.com/fbranda/ADAMS/blob/main/bulletins/SITREP/Mpox/SITREP-Mpox-16.pdf",21,"Haut-Uele",3.3283491,26.0989285,1,0,22,0,1,4.54545454545455
"https://github.com/fbranda/ADAMS/blob/main/bulletins/SITREP/Mpox/SITREP-Mpox-17.pdf",22,"Haut-Uele",3.3283491,26.0989285,1,0,22,0,1,4.54545454545455
"https://github.com/fbranda/ADAMS/blob/main/bulletins/SITREP/Mpox/SITREP-Mpox-18.pdf",23,"Haut-Uele",3.3283491,26.0989285,1,0,22,0,1,4.54545454545455
"https://github.com/fbranda/ADAMS/blob/main/bulletins/SITREP/Mpox/SITREP-Mpox-19.pdf",24,"Haut-Uele",3.3283491,26.0989285,1,0,22,0,1,4.54545454545455
"https://github.com/fbranda/ADAMS/blob/main/bulletins/SITREP/Mpox/SITREP-Mpox-20.pdf",25,"Haut-Uele",3.3283491,26.0989285,1,0,22,0,1,4.54545454545455
"https://github.com/fbranda/ADAMS/blob/main/bulletins/SITREP/Mpox/SITREP-Mpox-23.pdf",26,"Haut-Uele",3.3283491,26.0989285,1,0,22,0,1,4.54545454545455
"https://github.com/fbranda/ADAMS/blob/main/bulletins/SITREP/Mpox/SITREP-Mpox-24.pdf",27,"Haut-Uele",3.3283491,26.0989285,1,0,22,0,1,4.54545454545455
"https://github.com/fbranda/ADAMS/blob/main/bulletins/SITREP/Mpox/SITREP-Mpox-26.pdf",28,"Haut-Uele",3.3283491,26.0989285,1,2,24,0,1,4.16666666666667
"https://github.com/fbranda/ADAMS/blob/main/bulletins/SITREP/Mpox/SITREP-Mpox-27.pdf",30,"Haut-Uele",3.3283491,26.0989285,0,0,24,0,1,4.16666666666667
"https://github.com/fbranda/ADAMS/blob/main/bulletins/SITREP/Mpox/SITREP-Mpox-2.pdf",7,"Ituri",2.1037301,28.061025,NA,2,2,0,0,0
"https://github.com/fbranda/ADAMS/blob/main/bulletins/SITREP/Mpox/SITREP-Mpox-3.pdf",8,"Ituri",2.1037301,28.061025,NA,0,2,0,0,0
"https://github.com/fbranda/ADAMS/blob/main/bulletins/SITREP/Mpox/SITREP-Mpox-4.pdf",10,"Ituri",2.1037301,28.061025,NA,0,2,0,0,0
"https://github.com/fbranda/ADAMS/blob/main/bulletins/SITREP/Mpox/SITREP-Mpox-5.pdf",12,"Ituri",2.1037301,28.061025,NA,0,2,0,0,0
"https://github.com/fbranda/ADAMS/blob/main/bulletins/SITREP/Mpox/SITREP-Mpox-8.pdf",16,"Ituri",2.1037301,28.061025,NA,0,2,0,0,0
"https://github.com/fbranda/ADAMS/blob/main/bulletins/SITREP/Mpox/SITREP-Mpox-15.pdf",20,"Ituri",2.1037301,28.061025,0,0,2,0,0,0
"https://github.com/fbranda/ADAMS/blob/main/bulletins/SITREP/Mpox/SITREP-Mpox-16.pdf",21,"Ituri",2.1037301,28.061025,0,0,2,0,0,0
"https://github.com/fbranda/ADAMS/blob/main/bulletins/SITREP/Mpox/SITREP-Mpox-17.pdf",22,"Ituri",2.1037301,28.061025,0,0,2,0,0,0
"https://github.com/fbranda/ADAMS/blob/main/bulletins/SITREP/Mpox/SITREP-Mpox-18.pdf",23,"Ituri",2.1037301,28.061025,0,0,2,0,0,0
"https://github.com/fbranda/ADAMS/blob/main/bulletins/SITREP/Mpox/SITREP-Mpox-19.pdf",24,"Ituri",2.1037301,28.061025,0,0,2,0,0,0
"https://github.com/fbranda/ADAMS/blob/main/bulletins/SITREP/Mpox/SITREP-Mpox-20.pdf",25,"Ituri",2.1037301,28.061025,0,0,2,0,0,0
"https://github.com/fbranda/ADAMS/blob/main/bulletins/SITREP/Mpox/SITREP-Mpox-23.pdf",26,"Ituri",2.1037301,28.061025,0,0,2,0,0,0
"https://github.com/fbranda/ADAMS/blob/main/bulletins/SITREP/Mpox/SITREP-Mpox-24.pdf",27,"Ituri",2.1037301,28.061025,0,1,3,0,0,0
"https://github.com/fbranda/ADAMS/blob/main/bulletins/SITREP/Mpox/SITREP-Mpox-26.pdf",28,"Ituri",2.1037301,28.061025,0,1,4,0,0,0
"https://github.com/fbranda/ADAMS/blob/main/bulletins/SITREP/Mpox/SITREP-Mpox-27.pdf",30,"Ituri",2.1037301,28.061025,0,0,4,0,0,0
"https://github.com/fbranda/ADAMS/blob/main/bulletins/SITREP/Mpox/SITREP-Mpox-1.pdf",6,"Kasaï",-4.7859059,18.4651601,NA,12,12,0,0,0
"https://github.com/fbranda/ADAMS/blob/main/bulletins/SITREP/Mpox/SITREP-Mpox-2.pdf",7,"Kasaï",-4.7859059,18.4651601,NA,0,12,0,0,0
"https://github.com/fbranda/ADAMS/blob/main/bulletins/SITREP/Mpox/SITREP-Mpox-3.pdf",8,"Kasaï",-4.7859059,18.4651601,NA,5,17,0,0,0
"https://github.com/fbranda/ADAMS/blob/main/bulletins/SITREP/Mpox/SITREP-Mpox-4.pdf",10,"Kasaï",-4.7859059,18.4651601,NA,16,33,0,0,0
"https://github.com/fbranda/ADAMS/blob/main/bulletins/SITREP/Mpox/SITREP-Mpox-5.pdf",12,"Kasaï",-4.7859059,18.4651601,NA,1,34,0,0,0
"https://github.com/fbranda/ADAMS/blob/main/bulletins/SITREP/Mpox/SITREP-Mpox-8.pdf",16,"Kasaï",-4.7859059,18.4651601,NA,104,138,0,0,0
"https://github.com/fbranda/ADAMS/blob/main/bulletins/SITREP/Mpox/SITREP-Mpox-13.pdf",18,"Kasaï",-4.7859059,18.4651601,NA,0,138,0,0,0
"https://github.com/fbranda/ADAMS/blob/main/bulletins/SITREP/Mpox/SITREP-Mpox-14.pdf",19,"Kasaï",-4.7859059,18.4651601,NA,1,139,0,0,0
"https://github.com/fbranda/ADAMS/blob/main/bulletins/SITREP/Mpox/SITREP-Mpox-15.pdf",20,"Kasaï",-4.7859059,18.4651601,1,3,54,0,0,0
"https://github.com/fbranda/ADAMS/blob/main/bulletins/SITREP/Mpox/SITREP-Mpox-16.pdf",21,"Kasaï",-4.7859059,18.4651601,1,0,54,0,0,0
"https://github.com/fbranda/ADAMS/blob/main/bulletins/SITREP/Mpox/SITREP-Mpox-17.pdf",22,"Kasaï",-4.7859059,18.4651601,1,3,57,0,0,0
"https://github.com/fbranda/ADAMS/blob/main/bulletins/SITREP/Mpox/SITREP-Mpox-18.pdf",23,"Kasaï",-4.7859059,18.4651601,1,0,57,0,0,0
"https://github.com/fbranda/ADAMS/blob/main/bulletins/SITREP/Mpox/SITREP-Mpox-19.pdf",24,"Kasaï",-4.7859059,18.4651601,1,0,57,0,0,0
"https://github.com/fbranda/ADAMS/blob/main/bulletins/SITREP/Mpox/SITREP-Mpox-20.pdf",25,"Kasaï",-4.7859059,18.4651601,1,0,57,0,0,0
"https://github.com/fbranda/ADAMS/blob/main/bulletins/SITREP/Mpox/SITREP-Mpox-23.pdf",26,"Kasaï",-4.7859059,18.4651601,1,0,57,0,0,0
"https://github.com/fbranda/ADAMS/blob/main/bulletins/SITREP/Mpox/SITREP-Mpox-24.pdf",27,"Kasaï",-4.7859059,18.4651601,3,4,61,0,0,0
"https://github.com/fbranda/ADAMS/blob/main/bulletins/SITREP/Mpox/SITREP-Mpox-26.pdf",28,"Kasaï",-4.7859059,18.4651601,3,6,67,0,0,0
"https://github.com/fbranda/ADAMS/blob/main/bulletins/SITREP/Mpox/SITREP-Mpox-27.pdf",30,"Kasaï",-4.7859059,18.4651601,3,9,76,0,0,0
"https://github.com/fbranda/ADAMS/blob/main/bulletins/SITREP/Mpox/SITREP-Mpox-14.pdf",19,"Kasaï-Central",-6.0355678,19.936655,NA,1,1,0,0,0
"https://github.com/fbranda/ADAMS/blob/main/bulletins/SITREP/Mpox/SITREP-Mpox-15.pdf",20,"Kasaï-Central",-6.0355678,19.936655,1,0,1,0,0,0
"https://github.com/fbranda/ADAMS/blob/main/bulletins/SITREP/Mpox/SITREP-Mpox-16.pdf",21,"Kasaï-Central",-6.0355678,19.936655,1,0,1,0,0,0
"https://github.com/fbranda/ADAMS/blob/main/bulletins/SITREP/Mpox/SITREP-Mpox-17.pdf",22,"Kasaï-Central",-6.0355678,19.936655,1,0,1,0,0,0
"https://github.com/fbranda/ADAMS/blob/main/bulletins/SITREP/Mpox/SITREP-Mpox-18.pdf",23,"Kasaï-Central",-6.0355678,19.936655,1,0,1,0,0,0
"https://github.com/fbranda/ADAMS/blob/main/bulletins/SITREP/Mpox/SITREP-Mpox-19.pdf",24,"Kasaï-Central",-6.0355678,19.936655,2,1,2,0,0,0
"https://github.com/fbranda/ADAMS/blob/main/bulletins/SITREP/Mpox/SITREP-Mpox-20.pdf",25,"Kasaï-Central",-6.0355678,19.936655,2,0,2,0,0,0
"https://github.com/fbranda/ADAMS/blob/main/bulletins/SITREP/Mpox/SITREP-Mpox-23.pdf",26,"Kasaï-Central",-6.0355678,19.936655,2,0,2,0,0,0
"https://github.com/fbranda/ADAMS/blob/main/bulletins/SITREP/Mpox/SITREP-Mpox-24.pdf",27,"Kasaï-Central",-6.0355678,19.936655,1,0,2,0,0,0
"https://github.com/fbranda/ADAMS/blob/main/bulletins/SITREP/Mpox/SITREP-Mpox-26.pdf",28,"Kasaï-Central",-6.0355678,19.936655,1,0,2,0,0,0
"https://github.com/fbranda/ADAMS/blob/main/bulletins/SITREP/Mpox/SITREP-Mpox-27.pdf",30,"Kasaï-Central",-6.0355678,19.936655,1,0,2,0,0,0
"https://github.com/fbranda/ADAMS/blob/main/bulletins/SITREP/Mpox/SITREP-Mpox-1.pdf",6,"Kasaï-Oriental",-6.1979549,22.9021723,NA,2,2,0,0,0
"https://github.com/fbranda/ADAMS/blob/main/bulletins/SITREP/Mpox/SITREP-Mpox-2.pdf",7,"Kasaï-Oriental",-6.1979549,22.9021723,NA,0,2,0,0,0
"https://github.com/fbranda/ADAMS/blob/main/bulletins/SITREP/Mpox/SITREP-Mpox-3.pdf",8,"Kasaï-Oriental",-6.1979549,22.9021723,NA,0,2,0,0,0
"https://github.com/fbranda/ADAMS/blob/main/bulletins/SITREP/Mpox/SITREP-Mpox-4.pdf",10,"Kasaï-Oriental",-6.1979549,22.9021723,NA,3,5,0,0,0
"https://github.com/fbranda/ADAMS/blob/main/bulletins/SITREP/Mpox/SITREP-Mpox-5.pdf",12,"Kasaï-Oriental",-6.1979549,22.9021723,NA,0,5,0,0,0
"https://github.com/fbranda/ADAMS/blob/main/bulletins/SITREP/Mpox/SITREP-Mpox-8.pdf",16,"Kasaï-Oriental",-6.1979549,22.9021723,NA,0,5,0,0,0
"https://github.com/fbranda/ADAMS/blob/main/bulletins/SITREP/Mpox/SITREP-Mpox-14.pdf",19,"Kasaï-Oriental",-6.1979549,22.9021723,NA,0,5,0,0,0
"https://github.com/fbranda/ADAMS/blob/main/bulletins/SITREP/Mpox/SITREP-Mpox-15.pdf",20,"Kasaï-Oriental",-6.1979549,22.9021723,1,0,5,0,0,0
"https://github.com/fbranda/ADAMS/blob/main/bulletins/SITREP/Mpox/SITREP-Mpox-16.pdf",21,"Kasaï-Oriental",-6.1979549,22.9021723,1,0,5,0,0,0
"https://github.com/fbranda/ADAMS/blob/main/bulletins/SITREP/Mpox/SITREP-Mpox-17.pdf",22,"Kasaï-Oriental",-6.1979549,22.9021723,1,0,5,0,0,0
"https://github.com/fbranda/ADAMS/blob/main/bulletins/SITREP/Mpox/SITREP-Mpox-18.pdf",23,"Kasaï-Oriental",-6.1979549,22.9021723,1,1,6,0,0,0
"https://github.com/fbranda/ADAMS/blob/main/bulletins/SITREP/Mpox/SITREP-Mpox-19.pdf",24,"Kasaï-Oriental",-6.1979549,22.9021723,1,0,6,0,0,0
"https://github.com/fbranda/ADAMS/blob/main/bulletins/SITREP/Mpox/SITREP-Mpox-20.pdf",25,"Kasaï-Oriental",-6.1979549,22.9021723,1,0,6,0,0,0
"https://github.com/fbranda/ADAMS/blob/main/bulletins/SITREP/Mpox/SITREP-Mpox-23.pdf",26,"Kasaï-Oriental",-6.1979549,22.9021723,1,0,6,0,0,0
"https://github.com/fbranda/ADAMS/blob/main/bulletins/SITREP/Mpox/SITREP-Mpox-24.pdf",27,"Kasaï-Oriental",-6.1979549,22.9021723,1,0,6,0,0,0
"https://github.com/fbranda/ADAMS/blob/main/bulletins/SITREP/Mpox/SITREP-Mpox-26.pdf",28,"Kasaï-Oriental",-6.1979549,22.9021723,1,0,6,0,0,0
"https://github.com/fbranda/ADAMS/blob/main/bulletins/SITREP/Mpox/SITREP-Mpox-27.pdf",30,"Kasaï-Oriental",-6.1979549,22.9021723,1,0,6,0,0,0
"https://github.com/fbranda/ADAMS/blob/main/bulletins/SITREP/Mpox/SITREP-Mpox-1.pdf",6,"Kinshasa",-4.4011281,15.2403421,NA,15,15,0,0,0
"https://github.com/fbranda/ADAMS/blob/main/bulletins/SITREP/Mpox/SITREP-Mpox-2.pdf",7,"Kinshasa",-4.4011281,15.2403421,NA,0,15,0,0,0
"https://github.com/fbranda/ADAMS/blob/main/bulletins/SITREP/Mpox/SITREP-Mpox-3.pdf",8,"Kinshasa",-4.4011281,15.2403421,NA,0,15,0,0,0
"https://github.com/fbranda/ADAMS/blob/main/bulletins/SITREP/Mpox/SITREP-Mpox-4.pdf",10,"Kinshasa",-4.4011281,15.2403421,NA,1,16,0,0,0
"https://github.com/fbranda/ADAMS/blob/main/bulletins/SITREP/Mpox/SITREP-Mpox-5.pdf",12,"Kinshasa",-4.4011281,15.2403421,NA,1,17,0,0,0
"https://github.com/fbranda/ADAMS/blob/main/bulletins/SITREP/Mpox/SITREP-Mpox-8.pdf",16,"Kinshasa",-4.4011281,15.2403421,NA,5,22,0,0,0
"https://github.com/fbranda/ADAMS/blob/main/bulletins/SITREP/Mpox/SITREP-Mpox-13.pdf",18,"Kinshasa",-4.4011281,15.2403421,NA,2,24,0,0,0
"https://github.com/fbranda/ADAMS/blob/main/bulletins/SITREP/Mpox/SITREP-Mpox-14.pdf",19,"Kinshasa",-4.4011281,15.2403421,NA,0,24,0,0,0
"https://github.com/fbranda/ADAMS/blob/main/bulletins/SITREP/Mpox/SITREP-Mpox-15.pdf",20,"Kinshasa",-4.4011281,15.2403421,0,6,32,0,0,0
"https://github.com/fbranda/ADAMS/blob/main/bulletins/SITREP/Mpox/SITREP-Mpox-16.pdf",21,"Kinshasa",-4.4011281,15.2403421,3,1,33,0,0,0
"https://github.com/fbranda/ADAMS/blob/main/bulletins/SITREP/Mpox/SITREP-Mpox-17.pdf",22,"Kinshasa",-4.4011281,15.2403421,3,1,34,0,0,0
"https://github.com/fbranda/ADAMS/blob/main/bulletins/SITREP/Mpox/SITREP-Mpox-18.pdf",23,"Kinshasa",-4.4011281,15.2403421,3,1,35,0,0,0
"https://github.com/fbranda/ADAMS/blob/main/bulletins/SITREP/Mpox/SITREP-Mpox-19.pdf",24,"Kinshasa",-4.4011281,15.2403421,3,1,36,0,0,0
"https://github.com/fbranda/ADAMS/blob/main/bulletins/SITREP/Mpox/SITREP-Mpox-20.pdf",25,"Kinshasa",-4.4011281,15.2403421,3,1,37,0,0,0
"https://github.com/fbranda/ADAMS/blob/main/bulletins/SITREP/Mpox/SITREP-Mpox-23.pdf",26,"Kinshasa",-4.4011281,15.2403421,4,2,39,0,0,0
"https://github.com/fbranda/ADAMS/blob/main/bulletins/SITREP/Mpox/SITREP-Mpox-24.pdf",27,"Kinshasa",-4.4011281,15.2403421,4,4,43,0,0,0
"https://github.com/fbranda/ADAMS/blob/main/bulletins/SITREP/Mpox/SITREP-Mpox-26.pdf",28,"Kinshasa",-4.4011281,15.2403421,4,3,46,0,0,0
"https://github.com/fbranda/ADAMS/blob/main/bulletins/SITREP/Mpox/SITREP-Mpox-27.pdf",30,"Kinshasa",-4.4011281,15.2403421,5,8,54,1,1,1.85185185185185
"https://github.com/fbranda/ADAMS/blob/main/bulletins/SITREP/Mpox/SITREP-Mpox-15.pdf",20,"Kongo-Central",-5.174397,12.8875661,0,1,1,0,0,0
"https://github.com/fbranda/ADAMS/blob/main/bulletins/SITREP/Mpox/SITREP-Mpox-16.pdf",21,"Kongo-Central",-5.174397,12.8875661,0,0,1,0,0,0
"https://github.com/fbranda/ADAMS/blob/main/bulletins/SITREP/Mpox/SITREP-Mpox-17.pdf",22,"Kongo-Central",-5.174397,12.8875661,0,0,1,0,0,0
"https://github.com/fbranda/ADAMS/blob/main/bulletins/SITREP/Mpox/SITREP-Mpox-18.pdf",23,"Kongo-Central",-5.174397,12.8875661,0,0,1,0,0,0
"https://github.com/fbranda/ADAMS/blob/main/bulletins/SITREP/Mpox/SITREP-Mpox-19.pdf",24,"Kongo-Central",-5.174397,12.8875661,0,0,1,0,0,0
"https://github.com/fbranda/ADAMS/blob/main/bulletins/SITREP/Mpox/SITREP-Mpox-20.pdf",25,"Kongo-Central",-5.174397,12.8875661,0,2,3,0,0,0
"https://github.com/fbranda/ADAMS/blob/main/bulletins/SITREP/Mpox/SITREP-Mpox-23.pdf",26,"Kongo-Central",-5.174397,12.8875661,0,1,4,0,0,0
"https://github.com/fbranda/ADAMS/blob/main/bulletins/SITREP/Mpox/SITREP-Mpox-24.pdf",27,"Kongo-Central",-5.174397,12.8875661,1,3,7,0,0,0
"https://github.com/fbranda/ADAMS/blob/main/bulletins/SITREP/Mpox/SITREP-Mpox-26.pdf",28,"Kongo-Central",-5.174397,12.8875661,1,0,7,0,0,0
"https://github.com/fbranda/ADAMS/blob/main/bulletins/SITREP/Mpox/SITREP-Mpox-27.pdf",30,"Kongo-Central",-5.174397,12.8875661,1,3,10,0,0,0
"https://github.com/fbranda/ADAMS/blob/main/bulletins/SITREP/Mpox/SITREP-Mpox-1.pdf",6,"Kwango",-6.1697883,15.4119223,NA,3,3,0,0,0
"https://github.com/fbranda/ADAMS/blob/main/bulletins/SITREP/Mpox/SITREP-Mpox-2.pdf",7,"Kwango",-6.1697883,15.4119223,NA,0,3,0,0,0
"https://github.com/fbranda/ADAMS/blob/main/bulletins/SITREP/Mpox/SITREP-Mpox-3.pdf",8,"Kwango",-6.1697883,15.4119223,NA,0,3,0,0,0
"https://github.com/fbranda/ADAMS/blob/main/bulletins/SITREP/Mpox/SITREP-Mpox-4.pdf",10,"Kwango",-6.1697883,15.4119223,NA,9,12,0,0,0
"https://github.com/fbranda/ADAMS/blob/main/bulletins/SITREP/Mpox/SITREP-Mpox-5.pdf",12,"Kwango",-6.1697883,15.4119223,NA,0,12,0,0,0
"https://github.com/fbranda/ADAMS/blob/main/bulletins/SITREP/Mpox/SITREP-Mpox-8.pdf",16,"Kwango",-6.1697883,15.4119223,NA,1,13,0,0,0
"https://github.com/fbranda/ADAMS/blob/main/bulletins/SITREP/Mpox/SITREP-Mpox-14.pdf",19,"Kwango",-6.1697883,15.4119223,NA,1,14,0,0,0
"https://github.com/fbranda/ADAMS/blob/main/bulletins/SITREP/Mpox/SITREP-Mpox-15.pdf",20,"Kwango",-6.1697883,15.4119223,5,0,14,0,0,0
"https://github.com/fbranda/ADAMS/blob/main/bulletins/SITREP/Mpox/SITREP-Mpox-16.pdf",21,"Kwango",-6.1697883,15.4119223,2,0,14,0,0,0
"https://github.com/fbranda/ADAMS/blob/main/bulletins/SITREP/Mpox/SITREP-Mpox-17.pdf",22,"Kwango",-6.1697883,15.4119223,2,0,14,0,0,0
"https://github.com/fbranda/ADAMS/blob/main/bulletins/SITREP/Mpox/SITREP-Mpox-18.pdf",23,"Kwango",-6.1697883,15.4119223,2,0,14,0,0,0
"https://github.com/fbranda/ADAMS/blob/main/bulletins/SITREP/Mpox/SITREP-Mpox-19.pdf",24,"Kwango",-6.1697883,15.4119223,2,2,16,0,0,0
"https://github.com/fbranda/ADAMS/blob/main/bulletins/SITREP/Mpox/SITREP-Mpox-20.pdf",25,"Kwango",-6.1697883,15.4119223,2,1,17,0,0,0
"https://github.com/fbranda/ADAMS/blob/main/bulletins/SITREP/Mpox/SITREP-Mpox-23.pdf",26,"Kwango",-6.1697883,15.4119223,2,1,18,0,0,0
"https://github.com/fbranda/ADAMS/blob/main/bulletins/SITREP/Mpox/SITREP-Mpox-24.pdf",27,"Kwango",-6.1697883,15.4119223,4,3,21,0,0,0
"https://github.com/fbranda/ADAMS/blob/main/bulletins/SITREP/Mpox/SITREP-Mpox-26.pdf",28,"Kwango",-6.1697883,15.4119223,4,0,21,0,0,0
"https://github.com/fbranda/ADAMS/blob/main/bulletins/SITREP/Mpox/SITREP-Mpox-27.pdf",30,"Kwango",-6.1697883,15.4119223,4,1,22,0,0,0
"https://github.com/fbranda/ADAMS/blob/main/bulletins/SITREP/Mpox/SITREP-Mpox-1.pdf",6,"Kwilu",-4.7875476,17.0210077,NA,3,3,0,0,0
"https://github.com/fbranda/ADAMS/blob/main/bulletins/SITREP/Mpox/SITREP-Mpox-2.pdf",7,"Kwilu",-4.7875476,17.0210077,NA,0,3,0,0,0
"https://github.com/fbranda/ADAMS/blob/main/bulletins/SITREP/Mpox/SITREP-Mpox-3.pdf",8,"Kwilu",-4.7875476,17.0210077,NA,0,3,0,0,0
"https://github.com/fbranda/ADAMS/blob/main/bulletins/SITREP/Mpox/SITREP-Mpox-4.pdf",10,"Kwilu",-4.7875476,17.0210077,NA,1,4,0,0,0
"https://github.com/fbranda/ADAMS/blob/main/bulletins/SITREP/Mpox/SITREP-Mpox-5.pdf",12,"Kwilu",-4.7875476,17.0210077,NA,0,4,0,0,0
"https://github.com/fbranda/ADAMS/blob/main/bulletins/SITREP/Mpox/SITREP-Mpox-8.pdf",16,"Kwilu",-4.7875476,17.0210077,NA,0,4,0,0,0
"https://github.com/fbranda/ADAMS/blob/main/bulletins/SITREP/Mpox/SITREP-Mpox-15.pdf",20,"Kwilu",-4.7875476,17.0210077,0,0,4,0,0,0
"https://github.com/fbranda/ADAMS/blob/main/bulletins/SITREP/Mpox/SITREP-Mpox-16.pdf",21,"Kwilu",-4.7875476,17.0210077,0,0,4,0,0,0
"https://github.com/fbranda/ADAMS/blob/main/bulletins/SITREP/Mpox/SITREP-Mpox-17.pdf",22,"Kwilu",-4.7875476,17.0210077,0,0,4,0,0,0
"https://github.com/fbranda/ADAMS/blob/main/bulletins/SITREP/Mpox/SITREP-Mpox-18.pdf",23,"Kwilu",-4.7875476,17.0210077,0,1,5,0,0,0
"https://github.com/fbranda/ADAMS/blob/main/bulletins/SITREP/Mpox/SITREP-Mpox-19.pdf",24,"Kwilu",-4.7875476,17.0210077,0,0,5,0,0,0
"https://github.com/fbranda/ADAMS/blob/main/bulletins/SITREP/Mpox/SITREP-Mpox-20.pdf",25,"Kwilu",-4.7875476,17.0210077,0,0,5,0,0,0
"https://github.com/fbranda/ADAMS/blob/main/bulletins/SITREP/Mpox/SITREP-Mpox-23.pdf",26,"Kwilu",-4.7875476,17.0210077,0,13,18,0,0,0
"https://github.com/fbranda/ADAMS/blob/main/bulletins/SITREP/Mpox/SITREP-Mpox-24.pdf",27,"Kwilu",-4.7875476,17.0210077,2,0,18,0,0,0
"https://github.com/fbranda/ADAMS/blob/main/bulletins/SITREP/Mpox/SITREP-Mpox-26.pdf",28,"Kwilu",-4.7875476,17.0210077,2,0,18,0,0,0
"https://github.com/fbranda/ADAMS/blob/main/bulletins/SITREP/Mpox/SITREP-Mpox-27.pdf",30,"Kwilu",-4.7875476,17.0210077,2,0,18,0,0,0
"https://github.com/fbranda/ADAMS/blob/main/bulletins/SITREP/Mpox/SITREP-Mpox-1.pdf",6,"Lomami",-6.4030413,23.3254949,NA,1,1,0,0,0
"https://github.com/fbranda/ADAMS/blob/main/bulletins/SITREP/Mpox/SITREP-Mpox-4.pdf",10,"Lomami",-6.4030413,23.3254949,NA,1,2,0,0,0
"https://github.com/fbranda/ADAMS/blob/main/bulletins/SITREP/Mpox/SITREP-Mpox-2.pdf",7,"Lomami",-6.4030413,23.3254949,NA,-1,1,0,0,0
"https://github.com/fbranda/ADAMS/blob/main/bulletins/SITREP/Mpox/SITREP-Mpox-3.pdf",8,"Lomami",-6.4030413,23.3254949,NA,1,2,0,0,0
"https://github.com/fbranda/ADAMS/blob/main/bulletins/SITREP/Mpox/SITREP-Mpox-5.pdf",12,"Lomami",-6.4030413,23.3254949,NA,0,2,0,0,0
"https://github.com/fbranda/ADAMS/blob/main/bulletins/SITREP/Mpox/SITREP-Mpox-8.pdf",16,"Lomami",-6.4030413,23.3254949,NA,0,2,0,0,0
"https://github.com/fbranda/ADAMS/blob/main/bulletins/SITREP/Mpox/SITREP-Mpox-15.pdf",20,"Lomami",-6.4030413,23.3254949,0,0,2,0,0,0
"https://github.com/fbranda/ADAMS/blob/main/bulletins/SITREP/Mpox/SITREP-Mpox-16.pdf",21,"Lomami",-6.4030413,23.3254949,0,0,2,0,0,0
"https://github.com/fbranda/ADAMS/blob/main/bulletins/SITREP/Mpox/SITREP-Mpox-17.pdf",22,"Lomami",-6.4030413,23.3254949,0,0,2,0,0,0
"https://github.com/fbranda/ADAMS/blob/main/bulletins/SITREP/Mpox/SITREP-Mpox-18.pdf",23,"Lomami",-6.4030413,23.3254949,0,0,2,0,0,0
"https://github.com/fbranda/ADAMS/blob/main/bulletins/SITREP/Mpox/SITREP-Mpox-19.pdf",24,"Lomami",-6.4030413,23.3254949,0,0,2,0,0,0
"https://github.com/fbranda/ADAMS/blob/main/bulletins/SITREP/Mpox/SITREP-Mpox-20.pdf",25,"Lomami",-6.4030413,23.3254949,0,0,2,0,0,0
"https://github.com/fbranda/ADAMS/blob/main/bulletins/SITREP/Mpox/SITREP-Mpox-23.pdf",26,"Lomami",-6.4030413,23.3254949,0,0,2,0,0,0
"https://github.com/fbranda/ADAMS/blob/main/bulletins/SITREP/Mpox/SITREP-Mpox-24.pdf",27,"Lomami",-6.4030413,23.3254949,0,0,2,0,0,0
"https://github.com/fbranda/ADAMS/blob/main/bulletins/SITREP/Mpox/SITREP-Mpox-26.pdf",28,"Lomami",-6.4030413,23.3254949,0,0,2,0,0,0
"https://github.com/fbranda/ADAMS/blob/main/bulletins/SITREP/Mpox/SITREP-Mpox-27.pdf",30,"Lomami",-6.4030413,23.3254949,0,0,2,0,0,0
"https://github.com/fbranda/ADAMS/blob/main/bulletins/SITREP/Mpox/SITREP-Mpox-13.pdf",18,"Lualaba",-10.4808485,25.6238592,NA,0,0,0,0,NA
"https://github.com/fbranda/ADAMS/blob/main/bulletins/SITREP/Mpox/SITREP-Mpox-15.pdf",20,"Lualaba",-10.4808485,25.6238592,0,2,9,0,0,0
"https://github.com/fbranda/ADAMS/blob/main/bulletins/SITREP/Mpox/SITREP-Mpox-16.pdf",21,"Lualaba",-10.4808485,25.6238592,0,0,9,0,0,0
"https://github.com/fbranda/ADAMS/blob/main/bulletins/SITREP/Mpox/SITREP-Mpox-17.pdf",22,"Lualaba",-10.4808485,25.6238592,0,2,11,0,0,0
"https://github.com/fbranda/ADAMS/blob/main/bulletins/SITREP/Mpox/SITREP-Mpox-18.pdf",23,"Lualaba",-10.4808485,25.6238592,0,0,11,0,0,0
"https://github.com/fbranda/ADAMS/blob/main/bulletins/SITREP/Mpox/SITREP-Mpox-19.pdf",24,"Lualaba",-10.4808485,25.6238592,0,0,11,0,0,0
"https://github.com/fbranda/ADAMS/blob/main/bulletins/SITREP/Mpox/SITREP-Mpox-20.pdf",25,"Lualaba",-10.4808485,25.6238592,0,0,11,0,0,0
"https://github.com/fbranda/ADAMS/blob/main/bulletins/SITREP/Mpox/SITREP-Mpox-23.pdf",26,"Lualaba",-10.4808485,25.6238592,0,0,11,0,0,0
"https://github.com/fbranda/ADAMS/blob/main/bulletins/SITREP/Mpox/SITREP-Mpox-24.pdf",27,"Lualaba",-10.4808485,25.6238592,1,0,11,0,0,0
"https://github.com/fbranda/ADAMS/blob/main/bulletins/SITREP/Mpox/SITREP-Mpox-26.pdf",28,"Lualaba",-10.4808485,25.6238592,1,1,12,0,0,0
"https://github.com/fbranda/ADAMS/blob/main/bulletins/SITREP/Mpox/SITREP-Mpox-27.pdf",30,"Lualaba",-10.4808485,25.6238592,1,3,15,0,0,0
"https://github.com/fbranda/ADAMS/blob/main/bulletins/SITREP/Mpox/SITREP-Mpox-1.pdf",6,"Mai-Ndombe",-2.5592689,15.8162363,NA,75,75,4,4,5.33333333333333
"https://github.com/fbranda/ADAMS/blob/main/bulletins/SITREP/Mpox/SITREP-Mpox-2.pdf",7,"Mai-Ndombe",-2.5592689,15.8162363,NA,6,81,0,4,4.93827160493827
"https://github.com/fbranda/ADAMS/blob/main/bulletins/SITREP/Mpox/SITREP-Mpox-3.pdf",8,"Mai-Ndombe",-2.5592689,15.8162363,NA,11,92,0,4,4.34782608695652
"https://github.com/fbranda/ADAMS/blob/main/bulletins/SITREP/Mpox/SITREP-Mpox-4.pdf",10,"Mai-Ndombe",-2.5592689,15.8162363,NA,12,104,0,4,3.84615384615385
"https://github.com/fbranda/ADAMS/blob/main/bulletins/SITREP/Mpox/SITREP-Mpox-5.pdf",12,"Mai-Ndombe",-2.5592689,15.8162363,NA,13,117,0,4,3.41880341880342
"https://github.com/fbranda/ADAMS/blob/main/bulletins/SITREP/Mpox/SITREP-Mpox-8.pdf",16,"Mai-Ndombe",-2.5592689,15.8162363,NA,26,143,1,5,3.4965034965035
"https://github.com/fbranda/ADAMS/blob/main/bulletins/SITREP/Mpox/SITREP-Mpox-13.pdf",18,"Mai-Ndombe",-2.5592689,15.8162363,NA,10,153,0,5,3.26797385620915
"https://github.com/fbranda/ADAMS/blob/main/bulletins/SITREP/Mpox/SITREP-Mpox-14.pdf",19,"Mai-Ndombe",-2.5592689,15.8162363,NA,12,165,1,6,3.63636363636364
"https://github.com/fbranda/ADAMS/blob/main/bulletins/SITREP/Mpox/SITREP-Mpox-15.pdf",20,"Mai-Ndombe",-2.5592689,15.8162363,66,2,174,0,6,3.44827586206897
"https://github.com/fbranda/ADAMS/blob/main/bulletins/SITREP/Mpox/SITREP-Mpox-16.pdf",21,"Mai-Ndombe",-2.5592689,15.8162363,82,5,179,1,7,3.91061452513966
"https://github.com/fbranda/ADAMS/blob/main/bulletins/SITREP/Mpox/SITREP-Mpox-17.pdf",22,"Mai-Ndombe",-2.5592689,15.8162363,82,1,180,0,7,3.88888888888889
"https://github.com/fbranda/ADAMS/blob/main/bulletins/SITREP/Mpox/SITREP-Mpox-18.pdf",23,"Mai-Ndombe",-2.5592689,15.8162363,82,4,184,0,7,3.80434782608696
"https://github.com/fbranda/ADAMS/blob/main/bulletins/SITREP/Mpox/SITREP-Mpox-19.pdf",24,"Mai-Ndombe",-2.5592689,15.8162363,82,1,185,0,7,3.78378378378378
"https://github.com/fbranda/ADAMS/blob/main/bulletins/SITREP/Mpox/SITREP-Mpox-20.pdf",25,"Mai-Ndombe",-2.5592689,15.8162363,82,7,192,0,7,3.64583333333333
"https://github.com/fbranda/ADAMS/blob/main/bulletins/SITREP/Mpox/SITREP-Mpox-23.pdf",26,"Mai-Ndombe",-2.5592689,15.8162363,84,1,193,1,8,4.14507772020725
"https://github.com/fbranda/ADAMS/blob/main/bulletins/SITREP/Mpox/SITREP-Mpox-24.pdf",27,"Mai-Ndombe",-2.5592689,15.8162363,109,4,197,0,8,4.06091370558376
"https://github.com/fbranda/ADAMS/blob/main/bulletins/SITREP/Mpox/SITREP-Mpox-26.pdf",28,"Mai-Ndombe",-2.5592689,15.8162363,88,12,209,0,8,3.82775119617225
"https://github.com/fbranda/ADAMS/blob/main/bulletins/SITREP/Mpox/SITREP-Mpox-27.pdf",30,"Mai-Ndombe",-2.5592689,15.8162363,88,39,248,1,9,3.62903225806452
"https://github.com/fbranda/ADAMS/blob/main/bulletins/SITREP/Mpox/SITREP-Mpox-1.pdf",6,"Maniema",-2.5085902,24.0581106,NA,61,61,0,0,0
"https://github.com/fbranda/ADAMS/blob/main/bulletins/SITREP/Mpox/SITREP-Mpox-2.pdf",7,"Maniema",-2.5085902,24.0581106,NA,7,68,0,0,0
"https://github.com/fbranda/ADAMS/blob/main/bulletins/SITREP/Mpox/SITREP-Mpox-3.pdf",8,"Maniema",-2.5085902,24.0581106,NA,10,78,0,0,0
"https://github.com/fbranda/ADAMS/blob/main/bulletins/SITREP/Mpox/SITREP-Mpox-4.pdf",10,"Maniema",-2.5085902,24.0581106,NA,7,85,0,0,0
"https://github.com/fbranda/ADAMS/blob/main/bulletins/SITREP/Mpox/SITREP-Mpox-5.pdf",12,"Maniema",-2.5085902,24.0581106,NA,16,101,0,0,0
"https://github.com/fbranda/ADAMS/blob/main/bulletins/SITREP/Mpox/SITREP-Mpox-8.pdf",16,"Maniema",-2.5085902,24.0581106,NA,22,123,0,0,0
"https://github.com/fbranda/ADAMS/blob/main/bulletins/SITREP/Mpox/SITREP-Mpox-13.pdf",18,"Maniema",-2.5085902,24.0581106,NA,5,128,0,0,0
"https://github.com/fbranda/ADAMS/blob/main/bulletins/SITREP/Mpox/SITREP-Mpox-14.pdf",19,"Maniema",-2.5085902,24.0581106,NA,7,135,0,0,0
"https://github.com/fbranda/ADAMS/blob/main/bulletins/SITREP/Mpox/SITREP-Mpox-15.pdf",20,"Maniema",-2.5085902,24.0581106,0,4,145,0,0,0
"https://github.com/fbranda/ADAMS/blob/main/bulletins/SITREP/Mpox/SITREP-Mpox-16.pdf",21,"Maniema",-2.5085902,24.0581106,56,9,154,0,0,0
"https://github.com/fbranda/ADAMS/blob/main/bulletins/SITREP/Mpox/SITREP-Mpox-17.pdf",22,"Maniema",-2.5085902,24.0581106,56,4,158,0,0,0
"https://github.com/fbranda/ADAMS/blob/main/bulletins/SITREP/Mpox/SITREP-Mpox-18.pdf",23,"Maniema",-2.5085902,24.0581106,57,4,162,0,0,0
"https://github.com/fbranda/ADAMS/blob/main/bulletins/SITREP/Mpox/SITREP-Mpox-19.pdf",24,"Maniema",-2.5085902,24.0581106,57,5,167,0,0,0
"https://github.com/fbranda/ADAMS/blob/main/bulletins/SITREP/Mpox/SITREP-Mpox-20.pdf",25,"Maniema",-2.5085902,24.0581106,57,3,170,0,0,0
"https://github.com/fbranda/ADAMS/blob/main/bulletins/SITREP/Mpox/SITREP-Mpox-23.pdf",26,"Maniema",-2.5085902,24.0581106,57,6,176,0,0,0
"https://github.com/fbranda/ADAMS/blob/main/bulletins/SITREP/Mpox/SITREP-Mpox-24.pdf",27,"Maniema",-2.5085902,24.0581106,60,8,184,0,0,0
"https://github.com/fbranda/ADAMS/blob/main/bulletins/SITREP/Mpox/SITREP-Mpox-26.pdf",28,"Maniema",-2.5085902,24.0581106,60,11,195,1,1,0.512820512820513
"https://github.com/fbranda/ADAMS/blob/main/bulletins/SITREP/Mpox/SITREP-Mpox-27.pdf",30,"Maniema",-2.5085902,24.0581106,60,22,217,0,1,0.460829493087558
"https://github.com/fbranda/ADAMS/blob/main/bulletins/SITREP/Mpox/SITREP-Mpox-1.pdf",6,"Mongala",2.0316832,20.0743742,NA,46,46,1,1,2.17391304347826
"https://github.com/fbranda/ADAMS/blob/main/bulletins/SITREP/Mpox/SITREP-Mpox-2.pdf",7,"Mongala",2.0316832,20.0743742,NA,6,52,0,1,1.92307692307692
"https://github.com/fbranda/ADAMS/blob/main/bulletins/SITREP/Mpox/SITREP-Mpox-3.pdf",8,"Mongala",2.0316832,20.0743742,NA,7,59,0,1,1.69491525423729
"https://github.com/fbranda/ADAMS/blob/main/bulletins/SITREP/Mpox/SITREP-Mpox-4.pdf",10,"Mongala",2.0316832,20.0743742,NA,20,79,1,2,2.53164556962025
"https://github.com/fbranda/ADAMS/blob/main/bulletins/SITREP/Mpox/SITREP-Mpox-5.pdf",12,"Mongala",2.0316832,20.0743742,NA,39,118,1,3,2.54237288135593
"https://github.com/fbranda/ADAMS/blob/main/bulletins/SITREP/Mpox/SITREP-Mpox-8.pdf",16,"Mongala",2.0316832,20.0743742,NA,100,218,3,6,2.75229357798165
"https://github.com/fbranda/ADAMS/blob/main/bulletins/SITREP/Mpox/SITREP-Mpox-13.pdf",18,"Mongala",2.0316832,20.0743742,NA,17,235,0,6,2.5531914893617
"https://github.com/fbranda/ADAMS/blob/main/bulletins/SITREP/Mpox/SITREP-Mpox-14.pdf",19,"Mongala",2.0316832,20.0743742,NA,32,267,1,7,2.62172284644195
"https://github.com/fbranda/ADAMS/blob/main/bulletins/SITREP/Mpox/SITREP-Mpox-15.pdf",20,"Mongala",2.0316832,20.0743742,18,12,290,0,7,2.41379310344828
"https://github.com/fbranda/ADAMS/blob/main/bulletins/SITREP/Mpox/SITREP-Mpox-16.pdf",21,"Mongala",2.0316832,20.0743742,20,5,295,0,7,2.3728813559322
"https://github.com/fbranda/ADAMS/blob/main/bulletins/SITREP/Mpox/SITREP-Mpox-17.pdf",22,"Mongala",2.0316832,20.0743742,20,10,305,0,7,2.29508196721311
"https://github.com/fbranda/ADAMS/blob/main/bulletins/SITREP/Mpox/SITREP-Mpox-18.pdf",23,"Mongala",2.0316832,20.0743742,20,16,321,0,7,2.18068535825545
"https://github.com/fbranda/ADAMS/blob/main/bulletins/SITREP/Mpox/SITREP-Mpox-19.pdf",24,"Mongala",2.0316832,20.0743742,20,14,335,0,7,2.08955223880597
"https://github.com/fbranda/ADAMS/blob/main/bulletins/SITREP/Mpox/SITREP-Mpox-20.pdf",25,"Mongala",2.0316832,20.0743742,20,10,345,0,7,2.02898550724638
"https://github.com/fbranda/ADAMS/blob/main/bulletins/SITREP/Mpox/SITREP-Mpox-23.pdf",26,"Mongala",2.0316832,20.0743742,20,11,356,0,7,1.96629213483146
"https://github.com/fbranda/ADAMS/blob/main/bulletins/SITREP/Mpox/SITREP-Mpox-24.pdf",27,"Mongala",2.0316832,20.0743742,87,14,370,0,7,1.89189189189189
"https://github.com/fbranda/ADAMS/blob/main/bulletins/SITREP/Mpox/SITREP-Mpox-26.pdf",28,"Mongala",2.0316832,20.0743742,87,7,377,0,7,1.85676392572944
"https://github.com/fbranda/ADAMS/blob/main/bulletins/SITREP/Mpox/SITREP-Mpox-27.pdf",30,"Mongala",2.0316832,20.0743742,87,154,531,12,19,3.57815442561205
"https://github.com/fbranda/ADAMS/blob/main/bulletins/SITREP/Mpox/SITREP-Mpox-1.pdf",6,"Nord-Ubangi",3.9854167,19.9547258,NA,31,31,0,0,0
"https://github.com/fbranda/ADAMS/blob/main/bulletins/SITREP/Mpox/SITREP-Mpox-2.pdf",7,"Nord-Ubangi",3.9854167,19.9547258,NA,4,35,0,0,0
"https://github.com/fbranda/ADAMS/blob/main/bulletins/SITREP/Mpox/SITREP-Mpox-3.pdf",8,"Nord-Ubangi",3.9854167,19.9547258,NA,0,35,0,0,0
"https://github.com/fbranda/ADAMS/blob/main/bulletins/SITREP/Mpox/SITREP-Mpox-4.pdf",10,"Nord-Ubangi",3.9854167,19.9547258,NA,9,44,1,1,2.27272727272727
"https://github.com/fbranda/ADAMS/blob/main/bulletins/SITREP/Mpox/SITREP-Mpox-5.pdf",12,"Nord-Ubangi",3.9854167,19.9547258,NA,5,49,0,1,2.04081632653061
"https://github.com/fbranda/ADAMS/blob/main/bulletins/SITREP/Mpox/SITREP-Mpox-8.pdf",16,"Nord-Ubangi",3.9854167,19.9547258,NA,2,51,0,1,1.96078431372549
"https://github.com/fbranda/ADAMS/blob/main/bulletins/SITREP/Mpox/SITREP-Mpox-13.pdf",18,"Nord-Ubangi",3.9854167,19.9547258,NA,5,56,0,1,1.78571428571429
"https://github.com/fbranda/ADAMS/blob/main/bulletins/SITREP/Mpox/SITREP-Mpox-15.pdf",20,"Nord-Ubangi",3.9854167,19.9547258,3,1,85,0,3,3.52941176470588
"https://github.com/fbranda/ADAMS/blob/main/bulletins/SITREP/Mpox/SITREP-Mpox-16.pdf",21,"Nord-Ubangi",3.9854167,19.9547258,3,6,91,1,4,4.3956043956044
"https://github.com/fbranda/ADAMS/blob/main/bulletins/SITREP/Mpox/SITREP-Mpox-17.pdf",22,"Nord-Ubangi",3.9854167,19.9547258,1,12,103,0,4,3.88349514563107
"https://github.com/fbranda/ADAMS/blob/main/bulletins/SITREP/Mpox/SITREP-Mpox-18.pdf",23,"Nord-Ubangi",3.9854167,19.9547258,1,5,108,1,5,4.62962962962963
"https://github.com/fbranda/ADAMS/blob/main/bulletins/SITREP/Mpox/SITREP-Mpox-19.pdf",24,"Nord-Ubangi",3.9854167,19.9547258,1,2,110,1,6,5.45454545454545
"https://github.com/fbranda/ADAMS/blob/main/bulletins/SITREP/Mpox/SITREP-Mpox-20.pdf",25,"Nord-Ubangi",3.9854167,19.9547258,1,2,112,0,6,5.35714285714286
"https://github.com/fbranda/ADAMS/blob/main/bulletins/SITREP/Mpox/SITREP-Mpox-23.pdf",26,"Nord-Ubangi",3.9854167,19.9547258,2,0,112,0,6,5.35714285714286
"https://github.com/fbranda/ADAMS/blob/main/bulletins/SITREP/Mpox/SITREP-Mpox-24.pdf",27,"Nord-Ubangi",3.9854167,19.9547258,7,1,113,0,6,5.30973451327434
"https://github.com/fbranda/ADAMS/blob/main/bulletins/SITREP/Mpox/SITREP-Mpox-26.pdf",28,"Nord-Ubangi",3.9854167,19.9547258,7,2,115,0,6,5.21739130434783
"https://github.com/fbranda/ADAMS/blob/main/bulletins/SITREP/Mpox/SITREP-Mpox-27.pdf",30,"Nord-Ubangi",3.9854167,19.9547258,7,0,115,-1,5,4.34782608695652
"https://github.com/fbranda/ADAMS/blob/main/bulletins/SITREP/Mpox/SITREP-Mpox-1.pdf",6,"Sankuru",-3.764002,20.828854,NA,154,154,4,4,2.5974025974026
"https://github.com/fbranda/ADAMS/blob/main/bulletins/SITREP/Mpox/SITREP-Mpox-2.pdf",7,"Sankuru",-3.764002,20.828854,NA,22,176,1,5,2.84090909090909
"https://github.com/fbranda/ADAMS/blob/main/bulletins/SITREP/Mpox/SITREP-Mpox-3.pdf",8,"Sankuru",-3.764002,20.828854,NA,33,209,1,6,2.87081339712919
"https://github.com/fbranda/ADAMS/blob/main/bulletins/SITREP/Mpox/SITREP-Mpox-4.pdf",10,"Sankuru",-3.764002,20.828854,NA,76,285,1,7,2.45614035087719
"https://github.com/fbranda/ADAMS/blob/main/bulletins/SITREP/Mpox/SITREP-Mpox-5.pdf",12,"Sankuru",-3.764002,20.828854,NA,31,316,2,9,2.84810126582278
"https://github.com/fbranda/ADAMS/blob/main/bulletins/SITREP/Mpox/SITREP-Mpox-8.pdf",16,"Sankuru",-3.764002,20.828854,NA,106,422,5,14,3.3175355450237
"https://github.com/fbranda/ADAMS/blob/main/bulletins/SITREP/Mpox/SITREP-Mpox-13.pdf",18,"Sankuru",-3.764002,20.828854,NA,26,448,0,14,3.125
"https://github.com/fbranda/ADAMS/blob/main/bulletins/SITREP/Mpox/SITREP-Mpox-14.pdf",19,"Sankuru",-3.764002,20.828854,NA,80,528,3,17,3.21969696969697
"https://github.com/fbranda/ADAMS/blob/main/bulletins/SITREP/Mpox/SITREP-Mpox-15.pdf",20,"Sankuru",-3.764002,20.828854,0,71,638,4,21,3.29153605015674
"https://github.com/fbranda/ADAMS/blob/main/bulletins/SITREP/Mpox/SITREP-Mpox-16.pdf",21,"Sankuru",-3.764002,20.828854,102,86,724,4,25,3.45303867403315
"https://github.com/fbranda/ADAMS/blob/main/bulletins/SITREP/Mpox/SITREP-Mpox-17.pdf",22,"Sankuru",-3.764002,20.828854,102,66,790,3,28,3.54430379746835
"https://github.com/fbranda/ADAMS/blob/main/bulletins/SITREP/Mpox/SITREP-Mpox-18.pdf",23,"Sankuru",-3.764002,20.828854,102,73,863,3,31,3.59212050984936
"https://github.com/fbranda/ADAMS/blob/main/bulletins/SITREP/Mpox/SITREP-Mpox-19.pdf",24,"Sankuru",-3.764002,20.828854,102,44,907,3,34,3.74862183020948
"https://github.com/fbranda/ADAMS/blob/main/bulletins/SITREP/Mpox/SITREP-Mpox-20.pdf",25,"Sankuru",-3.764002,20.828854,102,51,958,3,37,3.86221294363257
"https://github.com/fbranda/ADAMS/blob/main/bulletins/SITREP/Mpox/SITREP-Mpox-23.pdf",26,"Sankuru",-3.764002,20.828854,102,63,1021,4,41,4.01567091087169
"https://github.com/fbranda/ADAMS/blob/main/bulletins/SITREP/Mpox/SITREP-Mpox-24.pdf",27,"Sankuru",-3.764002,20.828854,103,85,1106,5,46,4.15913200723327
"https://github.com/fbranda/ADAMS/blob/main/bulletins/SITREP/Mpox/SITREP-Mpox-26.pdf",28,"Sankuru",-3.764002,20.828854,54,52,1158,3,49,4.2314335060449
"https://github.com/fbranda/ADAMS/blob/main/bulletins/SITREP/Mpox/SITREP-Mpox-27.pdf",30,"Sankuru",-3.764002,20.828854,54,180,1338,7,56,4.18535127055306
"https://github.com/fbranda/ADAMS/blob/main/bulletins/SITREP/Mpox/SITREP-Mpox-1.pdf",6,"Sud-Kivu",-3.3120925,26.7957455,NA,66,66,1,1,1.51515151515152
"https://github.com/fbranda/ADAMS/blob/main/bulletins/SITREP/Mpox/SITREP-Mpox-2.pdf",7,"Sud-Kivu",-3.3120925,26.7957455,NA,8,74,0,1,1.35135135135135
"https://github.com/fbranda/ADAMS/blob/main/bulletins/SITREP/Mpox/SITREP-Mpox-3.pdf",8,"Sud-Kivu",-3.3120925,26.7957455,NA,18,92,0,1,1.08695652173913
"https://github.com/fbranda/ADAMS/blob/main/bulletins/SITREP/Mpox/SITREP-Mpox-4.pdf",10,"Sud-Kivu",-3.3120925,26.7957455,NA,32,124,0,1,0.806451612903226
"https://github.com/fbranda/ADAMS/blob/main/bulletins/SITREP/Mpox/SITREP-Mpox-5.pdf",12,"Sud-Kivu",-3.3120925,26.7957455,NA,36,160,1,2,1.25
"https://github.com/fbranda/ADAMS/blob/main/bulletins/SITREP/Mpox/SITREP-Mpox-8.pdf",16,"Sud-Kivu",-3.3120925,26.7957455,NA,106,266,0,2,0.75187969924812
"https://github.com/fbranda/ADAMS/blob/main/bulletins/SITREP/Mpox/SITREP-Mpox-13.pdf",18,"Sud-Kivu",-3.3120925,26.7957455,NA,82,348,0,2,0.574712643678161
"https://github.com/fbranda/ADAMS/blob/main/bulletins/SITREP/Mpox/SITREP-Mpox-14.pdf",19,"Sud-Kivu",-3.3120925,26.7957455,NA,86,434,2,4,0.921658986175115
"https://github.com/fbranda/ADAMS/blob/main/bulletins/SITREP/Mpox/SITREP-Mpox-15.pdf",20,"Sud-Kivu",-3.3120925,26.7957455,229,83,540,0,4,0.740740740740741
"https://github.com/fbranda/ADAMS/blob/main/bulletins/SITREP/Mpox/SITREP-Mpox-16.pdf",21,"Sud-Kivu",-3.3120925,26.7957455,229,73,613,0,4,0.65252854812398
"https://github.com/fbranda/ADAMS/blob/main/bulletins/SITREP/Mpox/SITREP-Mpox-17.pdf",22,"Sud-Kivu",-3.3120925,26.7957455,229,113,726,0,4,0.550964187327824
"https://github.com/fbranda/ADAMS/blob/main/bulletins/SITREP/Mpox/SITREP-Mpox-18.pdf",23,"Sud-Kivu",-3.3120925,26.7957455,229,142,868,0,4,0.460829493087558
"https://github.com/fbranda/ADAMS/blob/main/bulletins/SITREP/Mpox/SITREP-Mpox-19.pdf",24,"Sud-Kivu",-3.3120925,26.7957455,243,123,991,1,5,0.504540867810293
"https://github.com/fbranda/ADAMS/blob/main/bulletins/SITREP/Mpox/SITREP-Mpox-20.pdf",25,"Sud-Kivu",-3.3120925,26.7957455,410,226,1217,2,7,0.57518488085456
"https://github.com/fbranda/ADAMS/blob/main/bulletins/SITREP/Mpox/SITREP-Mpox-23.pdf",26,"Sud-Kivu",-3.3120925,26.7957455,438,360,1577,2,14,0.887761572606214
"https://github.com/fbranda/ADAMS/blob/main/bulletins/SITREP/Mpox/SITREP-Mpox-24.pdf",27,"Sud-Kivu",-3.3120925,26.7957455,1010,324,1901,2,17,0.894266175697002
"https://github.com/fbranda/ADAMS/blob/main/bulletins/SITREP/Mpox/SITREP-Mpox-26.pdf",28,"Sud-Kivu",-3.3120925,26.7957455,977,449,2350,2,17,0.723404255319149
"https://github.com/fbranda/ADAMS/blob/main/bulletins/SITREP/Mpox/SITREP-Mpox-27.pdf",30,"Sud-Kivu",-3.3120925,26.7957455,1200,689,3039,2,22,0.723922342875946
"https://github.com/fbranda/ADAMS/blob/main/bulletins/SITREP/Mpox/SITREP-Mpox-1.pdf",6,"Sud-Ubangi",3.3414771,18.1763948,NA,233,233,16,16,6.86695278969957
"https://github.com/fbranda/ADAMS/blob/main/bulletins/SITREP/Mpox/SITREP-Mpox-2.pdf",7,"Sud-Ubangi",3.3414771,18.1763948,NA,33,266,2,18,6.76691729323308
"https://github.com/fbranda/ADAMS/blob/main/bulletins/SITREP/Mpox/SITREP-Mpox-3.pdf",8,"Sud-Ubangi",3.3414771,18.1763948,NA,25,291,0,18,6.18556701030928
"https://github.com/fbranda/ADAMS/blob/main/bulletins/SITREP/Mpox/SITREP-Mpox-4.pdf",10,"Sud-Ubangi",3.3414771,18.1763948,NA,81,372,2,20,5.37634408602151
"https://github.com/fbranda/ADAMS/blob/main/bulletins/SITREP/Mpox/SITREP-Mpox-5.pdf",12,"Sud-Ubangi",3.3414771,18.1763948,NA,93,465,5,25,5.37634408602151
"https://github.com/fbranda/ADAMS/blob/main/bulletins/SITREP/Mpox/SITREP-Mpox-8.pdf",16,"Sud-Ubangi",3.3414771,18.1763948,NA,130,595,1,26,4.36974789915966
"https://github.com/fbranda/ADAMS/blob/main/bulletins/SITREP/Mpox/SITREP-Mpox-13.pdf",18,"Sud-Ubangi",3.3414771,18.1763948,NA,16,611,0,26,4.25531914893617
"https://github.com/fbranda/ADAMS/blob/main/bulletins/SITREP/Mpox/SITREP-Mpox-14.pdf",19,"Sud-Ubangi",3.3414771,18.1763948,NA,18,629,0,26,4.1335453100159
"https://github.com/fbranda/ADAMS/blob/main/bulletins/SITREP/Mpox/SITREP-Mpox-15.pdf",20,"Sud-Ubangi",3.3414771,18.1763948,122,23,652,0,28,4.29447852760736
"https://github.com/fbranda/ADAMS/blob/main/bulletins/SITREP/Mpox/SITREP-Mpox-16.pdf",21,"Sud-Ubangi",3.3414771,18.1763948,107,11,663,0,28,4.22322775263952
"https://github.com/fbranda/ADAMS/blob/main/bulletins/SITREP/Mpox/SITREP-Mpox-17.pdf",22,"Sud-Ubangi",3.3414771,18.1763948,111,-8,655,0,28,4.27480916030534
"https://github.com/fbranda/ADAMS/blob/main/bulletins/SITREP/Mpox/SITREP-Mpox-18.pdf",23,"Sud-Ubangi",3.3414771,18.1763948,113,12,667,0,29,4.34782608695652
"https://github.com/fbranda/ADAMS/blob/main/bulletins/SITREP/Mpox/SITREP-Mpox-19.pdf",24,"Sud-Ubangi",3.3414771,18.1763948,113,26,693,0,29,4.18470418470418
"https://github.com/fbranda/ADAMS/blob/main/bulletins/SITREP/Mpox/SITREP-Mpox-20.pdf",25,"Sud-Ubangi",3.3414771,18.1763948,113,17,710,0,29,4.08450704225352
"https://github.com/fbranda/ADAMS/blob/main/bulletins/SITREP/Mpox/SITREP-Mpox-23.pdf",26,"Sud-Ubangi",3.3414771,18.1763948,123,116,826,0,29,3.51089588377724
"https://github.com/fbranda/ADAMS/blob/main/bulletins/SITREP/Mpox/SITREP-Mpox-24.pdf",27,"Sud-Ubangi",3.3414771,18.1763948,246,116,942,0,29,3.07855626326964
"https://github.com/fbranda/ADAMS/blob/main/bulletins/SITREP/Mpox/SITREP-Mpox-26.pdf",28,"Sud-Ubangi",3.3414771,18.1763948,128,82,1024,0,29,2.83203125
"https://github.com/fbranda/ADAMS/blob/main/bulletins/SITREP/Mpox/SITREP-Mpox-27.pdf",30,"Sud-Ubangi",3.3414771,18.1763948,142,198,1222,0,31,2.53682487725041
"https://github.com/fbranda/ADAMS/blob/main/bulletins/SITREP/Mpox/SITREP-Mpox-1.pdf",6,"Tshopo",0.1474852,22.5580061,NA,94,94,2,2,2.12765957446809
"https://github.com/fbranda/ADAMS/blob/main/bulletins/SITREP/Mpox/SITREP-Mpox-2.pdf",7,"Tshopo",0.1474852,22.5580061,NA,0,94,0,2,2.12765957446809
"https://github.com/fbranda/ADAMS/blob/main/bulletins/SITREP/Mpox/SITREP-Mpox-3.pdf",8,"Tshopo",0.1474852,22.5580061,NA,12,106,0,2,1.88679245283019
"https://github.com/fbranda/ADAMS/blob/main/bulletins/SITREP/Mpox/SITREP-Mpox-4.pdf",10,"Tshopo",0.1474852,22.5580061,NA,38,144,1,3,2.08333333333333
"https://github.com/fbranda/ADAMS/blob/main/bulletins/SITREP/Mpox/SITREP-Mpox-5.pdf",12,"Tshopo",0.1474852,22.5580061,NA,65,209,4,7,3.34928229665072
"https://github.com/fbranda/ADAMS/blob/main/bulletins/SITREP/Mpox/SITREP-Mpox-8.pdf",16,"Tshopo",0.1474852,22.5580061,NA,126,335,12,19,5.67164179104478
"https://github.com/fbranda/ADAMS/blob/main/bulletins/SITREP/Mpox/SITREP-Mpox-13.pdf",18,"Tshopo",0.1474852,22.5580061,NA,26,361,2,21,5.81717451523546
"https://github.com/fbranda/ADAMS/blob/main/bulletins/SITREP/Mpox/SITREP-Mpox-14.pdf",19,"Tshopo",0.1474852,22.5580061,NA,16,377,1,22,5.83554376657825
"https://github.com/fbranda/ADAMS/blob/main/bulletins/SITREP/Mpox/SITREP-Mpox-15.pdf",20,"Tshopo",0.1474852,22.5580061,95,9,400,0,22,5.5
"https://github.com/fbranda/ADAMS/blob/main/bulletins/SITREP/Mpox/SITREP-Mpox-16.pdf",21,"Tshopo",0.1474852,22.5580061,97,17,417,0,22,5.2757793764988
"https://github.com/fbranda/ADAMS/blob/main/bulletins/SITREP/Mpox/SITREP-Mpox-17.pdf",22,"Tshopo",0.1474852,22.5580061,97,14,431,0,22,5.10440835266821
"https://github.com/fbranda/ADAMS/blob/main/bulletins/SITREP/Mpox/SITREP-Mpox-18.pdf",23,"Tshopo",0.1474852,22.5580061,97,30,461,1,23,4.98915401301518
"https://github.com/fbranda/ADAMS/blob/main/bulletins/SITREP/Mpox/SITREP-Mpox-19.pdf",24,"Tshopo",0.1474852,22.5580061,97,55,516,0,23,4.45736434108527
"https://github.com/fbranda/ADAMS/blob/main/bulletins/SITREP/Mpox/SITREP-Mpox-20.pdf",25,"Tshopo",0.1474852,22.5580061,97,38,554,1,24,4.33212996389892
"https://github.com/fbranda/ADAMS/blob/main/bulletins/SITREP/Mpox/SITREP-Mpox-23.pdf",26,"Tshopo",0.1474852,22.5580061,105,9,563,0,24,4.26287744227353
"https://github.com/fbranda/ADAMS/blob/main/bulletins/SITREP/Mpox/SITREP-Mpox-24.pdf",27,"Tshopo",0.1474852,22.5580061,158,32,595,0,24,4.03361344537815
"https://github.com/fbranda/ADAMS/blob/main/bulletins/SITREP/Mpox/SITREP-Mpox-26.pdf",28,"Tshopo",0.1474852,22.5580061,186,14,609,0,24,3.94088669950739
"https://github.com/fbranda/ADAMS/blob/main/bulletins/SITREP/Mpox/SITREP-Mpox-27.pdf",30,"Tshopo",0.1474852,22.5580061,198,64,673,0,28,4.16047548291233
"https://github.com/fbranda/ADAMS/blob/main/bulletins/SITREP/Mpox/SITREP-Mpox-1.pdf",6,"Tshuapa",-0.3789719,19.2957964,NA,82,82,7,7,8.53658536585366
"https://github.com/fbranda/ADAMS/blob/main/bulletins/SITREP/Mpox/SITREP-Mpox-2.pdf",7,"Tshuapa",-0.3789719,19.2957964,NA,19,101,0,7,6.93069306930693
"https://github.com/fbranda/ADAMS/blob/main/bulletins/SITREP/Mpox/SITREP-Mpox-3.pdf",8,"Tshuapa",-0.3789719,19.2957964,NA,22,123,1,8,6.50406504065041
"https://github.com/fbranda/ADAMS/blob/main/bulletins/SITREP/Mpox/SITREP-Mpox-4.pdf",10,"Tshuapa",-0.3789719,19.2957964,NA,31,154,0,8,5.19480519480519
"https://github.com/fbranda/ADAMS/blob/main/bulletins/SITREP/Mpox/SITREP-Mpox-5.pdf",12,"Tshuapa",-0.3789719,19.2957964,NA,19,173,0,8,4.6242774566474
"https://github.com/fbranda/ADAMS/blob/main/bulletins/SITREP/Mpox/SITREP-Mpox-8.pdf",16,"Tshuapa",-0.3789719,19.2957964,NA,34,207,1,9,4.34782608695652
"https://github.com/fbranda/ADAMS/blob/main/bulletins/SITREP/Mpox/SITREP-Mpox-13.pdf",18,"Tshuapa",-0.3789719,19.2957964,NA,13,220,0,9,4.09090909090909
"https://github.com/fbranda/ADAMS/blob/main/bulletins/SITREP/Mpox/SITREP-Mpox-14.pdf",19,"Tshuapa",-0.3789719,19.2957964,NA,5,225,1,10,4.44444444444444
"https://github.com/fbranda/ADAMS/blob/main/bulletins/SITREP/Mpox/SITREP-Mpox-15.pdf",20,"Tshuapa",-0.3789719,19.2957964,177,11,254,0,11,4.33070866141732
"https://github.com/fbranda/ADAMS/blob/main/bulletins/SITREP/Mpox/SITREP-Mpox-16.pdf",21,"Tshuapa",-0.3789719,19.2957964,172,0,254,1,12,4.7244094488189
"https://github.com/fbranda/ADAMS/blob/main/bulletins/SITREP/Mpox/SITREP-Mpox-17.pdf",22,"Tshuapa",-0.3789719,19.2957964,172,29,283,4,16,5.65371024734982
"https://github.com/fbranda/ADAMS/blob/main/bulletins/SITREP/Mpox/SITREP-Mpox-18.pdf",23,"Tshuapa",-0.3789719,19.2957964,172,17,300,1,17,5.66666666666667
"https://github.com/fbranda/ADAMS/blob/main/bulletins/SITREP/Mpox/SITREP-Mpox-19.pdf",24,"Tshuapa",-0.3789719,19.2957964,172,5,305,0,17,5.57377049180328
"https://github.com/fbranda/ADAMS/blob/main/bulletins/SITREP/Mpox/SITREP-Mpox-20.pdf",25,"Tshuapa",-0.3789719,19.2957964,172,10,315,0,17,5.3968253968254
"https://github.com/fbranda/ADAMS/blob/main/bulletins/SITREP/Mpox/SITREP-Mpox-23.pdf",26,"Tshuapa",-0.3789719,19.2957964,172,29,344,0,17,4.94186046511628
"https://github.com/fbranda/ADAMS/blob/main/bulletins/SITREP/Mpox/SITREP-Mpox-24.pdf",27,"Tshuapa",-0.3789719,19.2957964,275,32,376,5,22,5.85106382978723
"https://github.com/fbranda/ADAMS/blob/main/bulletins/SITREP/Mpox/SITREP-Mpox-26.pdf",28,"Tshuapa",-0.3789719,19.2957964,193,165,541,7,29,5.36044362292052
"https://github.com/fbranda/ADAMS/blob/main/bulletins/SITREP/Mpox/SITREP-Mpox-27.pdf",30,"Tshuapa",-0.3789719,19.2957964,193,103,644,2,31,4.81366459627329
